<?xml version="1.0" encoding="UTF-8" standalone="yes"?>
<server>
    <featureManager>
        <feature>jsp-2.3</feature>
        <feature>wasJmsServer-1.0</feature>
        <feature>wasJmsClient-2.0</feature>
        <feature>mdb-3.2</feature>
        <feature>jdbc-4.1</feature>
    </featureManager>
    <authData id="TradeDataSourceAuthData" user="db2inst1" password="???"/>
    <authData id="TradeAdminAuthData" user="wasadmin" password="???"/>
    <messagingEngine>
        <queue id="TradeBrokerQueue"/>
        <topicSpace id="TradeStreamerTopic"/>
    </messagingEngine>
    <jmsQueue id="TradeBrokerQueue" jndiName="jms/TradeBrokerQueue">
        <properties.wasJms deliveryMode="NonPersistent" queueName="TradeBrokerJSD"/>
    </jmsQueue>
    <jmsTopic id="TradeStreamerTopic" jndiName="jms/TradeStreamerTopic">
        <properties.wasJms deliveryMode="NonPersistent" topicName="TradeStreamerTopic" topicSpace="Trade.Topic.Space"/>
    </jmsTopic>
    <jmsActivationSpec id="TradeBrokerMDBSpec">
        <properties.wasJms destinationType="javax.jms.Queue"/>
    </jmsActivationSpec>
    <jmsActivationSpec id="TradeStreamerMDBSpec">
        <properties.wasJms destinationType="javax.jms.Topic"/>
    </jmsActivationSpec>
    <jmsQueueConnectionFactory id="TradeBrokerQCF" jndiName="jms/TradeBrokerQCF">
        <properties.wasJms/>
    </jmsQueueConnectionFactory>
    <jmsTopicConnectionFactory id="TradeStreamerTCF" jndiName="jms/TradeStreamerTCF">
        <properties.wasJms/>
    </jmsTopicConnectionFactory>
    <jdbcDriver id="DB2_Universal_JDBC_Driver_Provider_Only" javax.sql.DataSource="com.ibm.db2.jcc.DB2ConnectionPoolDataSource">
        <library>
            <file name="C:\\\\\\\\IBM\\\\\\\\drivers\\\\\\\\db2jcc.jar"/>
            <file name="C:\\\\\\\\IBM\\\\\\\\drivers\\\\\\\\db2jcc_license_cu.jar"/>
        </library>
    </jdbcDriver>
    <dataSource id="TradeDataSource" jndiName="jdbc/TradeDataSource" jdbcDriverRef="DB2_Universal_JDBC_Driver_Provider_Only" containerAuthDataRef="TradeDataSourceAuthData">
        <properties.db2.jcc databaseName="tradedb" serverName="db2host" portNumber="50000" retrieveMessagesFromServerOnGetMessage="true" traceLevel="-1" useTransactionRedirect="false" validateNewConnection="false" nonTransactionalDataSource="false" reauthentication="false" validateNewConnectionRetryInterval="3" errorDetectionModel="ExceptionMapping" name="TradeDataSource" propagateClientIdentityUsingTrustedContext="false" jmsOnePhaseOptimization="false" enableMultithreadedAccessDetection="false" preTestSQLString="SELECT CURRENT SQLID FROM SYSIBM.SYSDUMMY1" enableClientInformation="false" unbindClientRerouteListFromJndi="false" connectionSharing="1" validateNewConnectionRetryCount="100" statementCacheSize="60" beginTranForVendorAPIs="false" beginTranForResultSetScrollingAPIs="false"/>
        <connectionManager agedTimeout="0" connectionTimeout="180" maxIdleTime="1800" maxPoolSize="50" minPoolSize="10" reapTime="180"/>
    </dataSource>
    <dataSource id="NoTxTradeDataSource" jndiName="jdbc/NoTxTradeDataSource" jdbcDriverRef="DB2_Universal_JDBC_Driver_Provider_Only" containerAuthDataRef="TradeDataSourceAuthData">
        <properties.db2.jcc databaseName="tradedb" serverName="db2host" portNumber="50000" retrieveMessagesFromServerOnGetMessage="true" traceLevel="-1" useTransactionRedirect="false" validateNewConnection="false" nonTransactionalDataSource="true" reauthentication="false" validateNewConnectionRetryInterval="3" errorDetectionModel="ExceptionMapping" name="NoTxTradeDataSource" propagateClientIdentityUsingTrustedContext="false" jmsOnePhaseOptimization="false" enableMultithreadedAccessDetection="false" preTestSQLString="SELECT CURRENT SQLID FROM SYSIBM.SYSDUMMY1" enableClientInformation="false" unbindClientRerouteListFromJndi="false" connectionSharing="1" validateNewConnectionRetryCount="100" beginTranForVendorAPIs="false" beginTranForResultSetScrollingAPIs="false"/>
        <connectionManager agedTimeout="0" connectionTimeout="180" maxIdleTime="1800" maxPoolSize="50" minPoolSize="10" reapTime="180"/>
    </dataSource>
    <variable name="DERBY_JDBC_DRIVER_PATH" value="${WAS_INSTALL_ROOT}/derby/lib"/>
</server>
