{"productInf":[{"name":"IBM WebSphere SDK Java Technology Edition (Optional)","id":"IBMJAVA7","version":"7.0.4.1","buildDate":"5/10/13","buildLevel":"gm1318.03"},{"name":"IBM WebSphere SDK Java Technology Edition (Optional)","id":"IBMJAVA8","version":"8.0.2.10","buildDate":"2/24/16","buildLevel":"cf091608.04"},{"name":"IBM WebSphere Application Server Network Deployment","id":"ND","version":"8.5.5.11","buildDate":"12/6/16","buildLevel":"cf111649.01"}],"profiles":[{"name":"DayTraderProfile","profilePath":"C:\\IBM\\WebSphere\\AppServer\\profiles\\DayTraderProfile","cellName":"n1Node02Cell","dmgrName":null,"nodes":null,"servers":null,"clusterNames":null,"applications":["C:\\IBM\\WebSphere\\AppServer\\profiles\\DayTraderProfile\\config\\cells\\n1Node02Cell\\applications\\DayTrader3-EE6.ear/DayTrader3-EE6.ear"],"appToClusterMapping":null,"isStandalone":true,"webSphereVersion":"was70","javaVersion":"ibm5","appsFound":true}]}